{
  "rvec": [
    -0.7904997032931268,
    0.04512612471145901,
    0.00768252584553927
  ],
  "tvec": [
    -0.028648679184130107,
    -0.01684493051526628,
    0.12241127349392014
  ]
}