{
  "rvec": [
    -0.8631369244225452,
    -0.3919482615538663,
    -1.3591256137314185
  ],
  "tvec": [
    0.005016396186926285,
    0.03590342712705542,
    0.09382141278570659
  ]
}